key;project;channel
смешарик;Смешарики;any
smeshari;Смешарики;any
пин-код;Смешарики;any
простоквашин;Простоквашино;any
prostokvashin;Простоквашино;any
дядя федор;Простоквашино;any
кот матроскин;Простоквашино;any
пес шарик;Простоквашино;any
галчонок;Простоквашино;any
почтальон печкин;Простоквашино;any
ну, погоди - каникулы;Ну_погоди каникулы;any
погоди каникулы;Ну_погоди каникулы;any
погоди;Ну погоди!;any
pogodi;Ну погоди!;any
крутикс;Крутиксы;any
krutiks;Крутиксы;any
фиксик;Фиксики;any
fiksik;Фиксики;any
fixik;Фиксики;any
барбоскин;Барбоскины;any
barboskin;Барбоскины;any
оранжевая коров;Оранжевая корова;any
оранжевой коров;Оранжевая корова;any
orange cow;Оранжевая корова;any
зебра в клеточку;Зебра в клеточку;any
zebra v kletochku;Зебра в клеточку;any
монсик;Монсики;any
monsik;Монсики;any
мяучело;Чучело-Мяучело;any
мяуч;Чуч мяуч;any
chuch;Чуч мяуч;any
три кота;Три кота;any
кошечкисобачки;Кошечки собачки;any
кошечки-собачки;Кошечки собачки;any
koshechki-sobachki;Кошечки собачки;any
лео и тиг;Лео и тиг;any
енотк;Енотки;any
малышарик;Малышарики;any
malisharik;Малышарики;any
malysharik;Малышарики;any
петя и волк;Петя и Волк;Мультики студии Союзмультфильм
петя и волк;Приключения Пети и Волка;any
пети и волк;Приключения Пети и Волка;any
peter and the wolf;Петя и волк;any
время приключений;Время приключений;any
adventure time;Время приключений;any
 и морти;Рик и Морти;any
rick and Morty;Рик и Морти;any
гравити фол;Гравити фоллз;any
gravity falls;Гравити фоллз;any
лесные друзья;Happy 3 friends;any
tree friends;Happy 3 friends;any
тайны медовой долины;Тайны медовой долины;any
грузовичок лева;Грузовичок Лева;any
грузовичок лёва;Грузовичок Лева;any
чаггингтон;Паровозики Чаттингтон;any
chuggington;Паровозики Чаттингтон;any
пеппа;Свинка Пеппа;any
peppa;Свинка Пеппа;any
свинки пеппы;Свинка Пеппа;any
буба;Буба;any
booba;Буба;any
леди баг;Леди Баг;any
lady bug;Леди Баг;any
пластилинк;Пластилинки;any
бобр добр;Бобр добр;any
лунтик;Лунтик;any
luntik;Лунтик;any
маша и медведь;Маша и медведь;any
маши и медвед;Маша и медведь;any
masha i medved;Маша и медведь;any
masha and ;Маша и медведь;any
май литл пони;My little pony;any
май литтл пони;My little pony;any
мой маленький пони;My little pony;any
my little pony;My little pony;any
говорящий том;Говорящий Том;any
talking tom;Говорящий Том;any
мимимишки;Мимимишки;any
ми-ми-мишки;Мимимишки;any
чуддик;Чуддики;any
oddbods;Чуддики;any
бен и холл;Бен и холл;any
бена и холл;Бен и холл;any
ам ням;Ам Ням;any
ам-ням;Ам Ням;any
белка и стрелка;Белка и стрелка;any
белки и стрелк;Белка и стрелка;any
бодо бородо;Бодо бородо;any
bodo borodo;Бодо бородо;any
астробой;Вперед Астробой;any
astroboy;Вперед Астробой;any
дорики;Морики дорики;any
moriki;Морики дорики;any
акуленок;Акуленок;any
акулёнок;Акуленок;any
сабвей серф;Сабвей Серф;any
сабвей сёрф;Сабвей Серф;any
44 кот;44 котенка;any
44 cat;44 котенка;any
пушастик;Пушастики;any
bush baby world;Пушастики;any
нелла;Нелла;any
отважная принцесса;Нелла;any
расти механик;Расти-механик;any
расти-механик;Расти-механик;any
бумажки;Бумажки;any
сказочный патруль;Сказочный патруль;any
щенячий патруль;Щенячий патруль;any
paw patrol;Щенячий патруль;any
утиные истории;Утиные истории;any
дональд дак;Утиные истории;any
тимон и пумба;Тимон и пумба;any
timon and pumba;Тимон и пумба;any
том и джерри;Том и Джерри;any
tom and jerry;Том и Джерри;any
симпсон;Симпсоны;any
simpson;Симпсоны;any
sponge bob;Губка Боб;any
spongebob;Губка Боб;any
губка боб;Губка Боб;any
герои в масках;Герои в масках;any
героев в масках;Герои в масках;any
бен тен;Бен Тен;any
ben ten;Бен Тен;any
паровозик томас;Паровозик Томас и его друзья;any
thomas and friends;Паровозик Томас и его друзья;any
thomas & friends;Паровозик Томас и его друзья;any
томас и его друзья;Паровозик Томас и его друзья;any
thomas the tank;Паровозик Томас и его друзья;any
вспыш;Вспыш;any
vspysh;Вспыш;any
синий трактор;Синий трактор;any
синего трактора;Синий трактор;any
синем тракторе;Синий трактор;any
винни-пух;Винни-Пух;any
винни пух;Винни-Пух;any
виннии-пух;Винни-Пух;any
чебурашка;Чебурашка;any
крокодил гена;Чебурашка;any
шапокляк;Чебурашка;any
сумка;Сумка;any
умка;Умка;any
карлсон;Малыш и Карлсон;any
блудного попу;Возвращение блудного попугая;any
опугай кеша;Возвращение блудного попугая;any
по имени гав;Котенок по имени Гав;any
котенок гав;Котенок по имени Гав;any
юймовочка;Дюймовочка;any
ьвенок и черепах;Как Львенок и Черепаха песню пели;any
овка в тридевятом царстве;Вовка в тридевятом царстве;any
елкунчик;Щелкунчик;any
иполлино;Чиполлино;any
аугли;Маугли;any
олушка;Золушка;any
ременски;Бременские музыканты;any
38 попугаев;38 попугаев;any
уратино;Буратино;any
кот в сапог;Кот в сапогах;any
песенка мышонка;Песенка мышонка;any
ышонок с гитарой;Песенка мышонка;any
ма для мамонт;Мама для мамонтенка;any
олобок;Колобок;any
бэтмен;Бэтмен;any
бетмен;Бэтмен;any
batman;Бэтмен;any
трансформеры;Трансформеры;any
диносити;ДиноСити;any
тимой и томой;Тима и Тома;any
тимы и томы;Тима и Тома;any
тима и тома;Тима и Тома;any
pororo;Пороро;any
пороро;Пороро;any
дракоша тоша;Дракоша Тоша;any
про миру и гошу;Мира и Гоша;any
мира и гоша;Мира и Гоша;any
миры и гоши;Мира и Гоша;any
jingliks;Джинглики;any
джинглики;Джинглики;any
фееринки;Фееринки;any
йоко;Yoko (Йоко);any
консуни;Консуни;any
тру и радужное королевство;Тру  и радужное королевство;any
деревяшки;Деревяшки;any
буренка даша;Буренка Даша;any
масяня;Масяня;any
masyanya;Масяня;any
возьми мой кексик;Take my muffin;any
take my muffin;Take my muffin;any
лекс и плу;Лекс и Плу;any
команда флоры;Команда Флоры;any
спина к спине;Спина к Спине;any
герои энвелла;Герои Энвелла;any
супер-мяу;Супер Мяу;any
супер мяу;Супер Мяу;any
enchantimals;Enchantimals (Эншантималс);any
эншантималс;Enchantimals (Эншантималс);any
энчантималс;Enchantimals (Эншантималс);any
край бебис;Cry babies magic tears ;any
cry babies magic tears;Cry babies magic tears ;any
геройчики;Геройчики;any
пугашки;Пугашки;any
мартышкины;Мартышкины;any
царевн;Царевны;царевны
черепашек;Черепашки;анимационная студия 100 киловат
черепашки;Черепашки;анимационная студия 100 киловат
жилабыла царевна;Жила-была Царевна (Теремок ТВ);any
жила была царевна;Жила-была Царевна (Теремок ТВ);any
царевн;Жила-была Царевна (Теремок ТВ);any
юху и его друзья;Юху и его друзья;any
четверо в кубе;Четверо в кубе;any
шиммер и шайн;Шиммер и Шайн;any
цветняшки;Цветняшки;any
черепашки-ниндзя;Черепашки Ниндзя;any
черепашкининдзя;Черепашки Ниндзя;any
черепашки ниндзя;Черепашки Ниндзя;any
лудлвилль;Лудлвилль;any
лудлвиль;Лудлвилль;any
